,word,start_ts,end_ts
0,after,0.118925625,0.43606
1,the,0.594626875,0.8324775
2,questionable,0.8324775,1.4271043749999999
3,events,1.4271043749999999,1.783880625
4,of,1.863164375,2.0613731250000003
5,the,2.0613731250000003,2.259581875
6,last,2.259581875,2.497433125
7,part,2.497433125,2.7352837500000002
8,were,2.8938506250000002,3.13170125
9,spedless,3.13170125,3.686686875
10,moss,3.76597,4.1623881250000005
11,his,4.1623881250000005,4.400238750000001
12,pets,4.400238750000001,4.87594
