,word,start_ts,end_ts
0,after,0.119045625,0.35713687499999996
1,the,0.59522875,0.8333200000000001
2,questionable,0.8333200000000001,1.42854875
3,events,1.42854875,1.7856856250000002
4,of,1.8650493750000001,2.0634587499999997
5,the,2.0634587499999997,2.26186875
6,last,2.26186875,2.49996
7,part,2.49996,2.73805125
8,were,2.8967787499999997,3.134870625
9,spedless,3.134870625,3.690416875
10,moss,3.7697806249999997,4.166600000000001
11,his,4.166600000000001,4.40469125
12,pets,4.40469125,4.880874375
